id,driver_id,passenger_id,start_time,end_time,cost,rating
1,1,54,2016-04-05T14:01:00+00:00,2016-04-05T14:09:00+00:00,17.39,3
2,67,146,2016-01-13T13:16:00+00:00,2016-01-13T13:28:00+00:00,17.12,5
3,50,87,2016-05-02T09:06:00+00:00,2016-05-02T09:56:00+00:00,21.88,3
4,13,70,2016-05-14T21:18:00+00:00,2016-05-14T21:19:00+00:00,28.16,4
5,3,12,2015-12-14T05:19:00+00:00,2015-12-14T05:31:00+00:00,29.38,2
6,48,137,2016-06-02T21:28:00+00:00,2016-06-02T22:05:00+00:00,17.79,5
7,84,236,2015-05-20T12:14:00+00:00,2015-05-20T12:19:00+00:00,18.49,4
8,93,104,2016-08-08T16:01:00+00:00,2016-08-08T16:37:00+00:00,10.12,5
9,17,286,2016-03-03T10:42:00+00:00,2016-03-03T11:27:00+00:00,13.18,5
10,8,263,2015-12-14T12:55:00+00:00,2015-12-14T13:04:00+00:00,15.7,5
11,71,149,2016-01-12T01:23:00+00:00,2016-01-12T02:16:00+00:00,17.17,1
12,12,237,2016-08-21T08:51:00+00:00,2016-08-21T09:29:00+00:00,21.47,1
13,83,298,2015-05-27T01:11:00+00:00,2015-05-27T01:11:00+00:00,19.22,5
14,48,247,2015-09-13T22:47:00+00:00,2015-09-13T23:17:00+00:00,19.24,1
15,26,143,2016-06-17T07:44:00+00:00,2016-06-17T07:58:00+00:00,24.26,5
16,25,259,2016-05-25T23:04:00+00:00,2016-05-25T23:49:00+00:00,11.69,5
17,21,63,2015-08-23T02:24:00+00:00,2015-08-23T03:00:00+00:00,15.28,4
18,72,192,2017-01-10T23:13:00+00:00,2017-01-10T23:45:00+00:00,18.97,1
19,5,140,2016-02-16T12:45:00+00:00,2016-02-16T13:14:00+00:00,10.69,5
20,3,8,2016-02-05T16:42:00+00:00,2016-02-05T17:02:00+00:00,27.39,1
21,71,16,2016-10-16T14:45:00+00:00,2016-10-16T14:45:00+00:00,12.74,2
22,96,275,2015-03-13T12:34:00+00:00,2015-03-13T13:32:00+00:00,18.88,1
23,51,189,2015-05-02T14:52:00+00:00,2015-05-02T15:40:00+00:00,15.76,5
24,75,280,2015-11-04T08:16:00+00:00,2015-11-04T08:34:00+00:00,11.6,4
25,21,257,2016-05-17T21:05:00+00:00,2016-05-17T21:11:00+00:00,25.98,4
26,92,194,2016-12-08T16:28:00+00:00,2016-12-08T17:19:00+00:00,18.63,3
27,9,158,2015-03-12T08:30:00+00:00,2015-03-12T09:21:00+00:00,25.14,4
28,57,40,2016-03-12T18:50:00+00:00,2016-03-12T19:29:00+00:00,21.51,4
29,45,127,2016-02-02T08:35:00+00:00,2016-02-02T09:15:00+00:00,18.1,3
30,28,230,2016-10-12T06:07:00+00:00,2016-10-12T06:55:00+00:00,15.41,5
31,66,113,2015-07-15T08:42:00+00:00,2015-07-15T08:48:00+00:00,11.79,3
32,20,57,2016-06-17T07:14:00+00:00,2016-06-17T07:47:00+00:00,16.72,5
33,92,31,2015-12-09T09:03:00+00:00,2015-12-09T09:26:00+00:00,26.14,5
34,94,41,2016-05-30T06:58:00+00:00,2016-05-30T07:22:00+00:00,10.92,3
35,84,148,2016-12-10T08:13:00+00:00,2016-12-10T09:07:00+00:00,10.27,2
36,38,154,2017-02-08T08:22:00+00:00,2017-02-08T08:58:00+00:00,25.57,2
37,49,80,2016-04-01T06:50:00+00:00,2016-04-01T07:23:00+00:00,15.31,4
38,16,281,2016-06-13T16:44:00+00:00,2016-06-13T17:36:00+00:00,10.5,2
39,48,191,2016-06-03T07:38:00+00:00,2016-06-03T08:26:00+00:00,18.37,2
40,76,221,2017-01-30T01:25:00+00:00,2017-01-30T01:25:00+00:00,22.36,2
41,56,35,2015-10-22T16:48:00+00:00,2015-10-22T17:43:00+00:00,28.77,5
42,69,267,2017-01-14T00:43:00+00:00,2017-01-14T00:48:00+00:00,24.27,2
43,38,135,2016-11-08T03:53:00+00:00,2016-11-08T04:18:00+00:00,14.01,1
44,17,146,2016-03-06T10:32:00+00:00,2016-03-06T10:43:00+00:00,17.01,5
45,57,284,2017-01-28T17:10:00+00:00,2017-01-28T18:09:00+00:00,25.59,4
46,98,1,2016-06-28T06:39:00+00:00,2016-06-28T07:24:00+00:00,13.04,2
47,88,157,2016-05-12T16:27:00+00:00,2016-05-12T16:51:00+00:00,27.46,2
48,73,202,2015-06-24T18:34:00+00:00,2015-06-24T19:05:00+00:00,20.16,1
49,26,266,2015-11-15T03:25:00+00:00,2015-11-15T03:45:00+00:00,12.85,2
50,47,277,2015-10-12T02:59:00+00:00,2015-10-12T03:58:00+00:00,18.42,4
51,64,275,2015-07-01T22:39:00+00:00,2015-07-01T23:27:00+00:00,26.62,5
52,21,254,2015-11-07T21:32:00+00:00,2015-11-07T21:57:00+00:00,22.88,1
53,9,119,2015-04-02T07:21:00+00:00,2015-04-02T07:27:00+00:00,24.11,5
54,99,149,2015-11-27T18:45:00+00:00,2015-11-27T19:03:00+00:00,28.44,1
55,15,161,2015-07-31T15:11:00+00:00,2015-07-31T15:21:00+00:00,19.31,1
56,31,85,2016-05-24T15:37:00+00:00,2016-05-24T15:53:00+00:00,18.01,2
57,40,237,2015-10-21T02:49:00+00:00,2015-10-21T02:55:00+00:00,19.81,3
58,91,240,2016-06-13T14:49:00+00:00,2016-06-13T14:49:00+00:00,26.34,4
59,97,65,2016-03-09T16:22:00+00:00,2016-03-09T16:26:00+00:00,12.8,4
60,57,190,2015-08-09T09:09:00+00:00,2015-08-09T10:07:00+00:00,14.06,1
61,4,254,2016-11-21T18:43:00+00:00,2016-11-21T19:31:00+00:00,13.59,2
62,29,253,2016-08-18T20:08:00+00:00,2016-08-18T21:06:00+00:00,11.18,5
63,36,293,2016-07-14T20:38:00+00:00,2016-07-14T21:34:00+00:00,25.67,2
64,58,118,2015-06-19T12:02:00+00:00,2015-06-19T12:16:00+00:00,17.61,1
65,49,258,2015-06-03T06:28:00+00:00,2015-06-03T06:47:00+00:00,17.35,5
66,26,274,2016-03-15T10:59:00+00:00,2016-03-15T11:49:00+00:00,20.48,3
67,9,77,2015-11-14T04:44:00+00:00,2015-11-14T05:08:00+00:00,25.63,4
68,94,53,2015-09-24T16:39:00+00:00,2015-09-24T16:57:00+00:00,22.45,2
69,29,226,2016-10-20T09:48:00+00:00,2016-10-20T10:00:00+00:00,18.11,1
70,3,162,2016-09-09T06:37:00+00:00,2016-09-09T06:39:00+00:00,21.67,3
71,42,29,2015-05-26T02:49:00+00:00,2015-05-26T03:16:00+00:00,17.31,2
72,7,62,2016-03-19T15:46:00+00:00,2016-03-19T16:37:00+00:00,13.59,3
73,87,296,2015-10-26T00:55:00+00:00,2015-10-26T01:13:00+00:00,16.48,2
74,94,118,2015-03-18T15:48:00+00:00,2015-03-18T16:19:00+00:00,28.81,4
75,19,44,2015-10-25T16:51:00+00:00,2015-10-25T16:56:00+00:00,14.65,5
76,51,164,2016-10-09T20:10:00+00:00,2016-10-09T20:22:00+00:00,11.82,5
77,40,205,2016-05-18T08:53:00+00:00,2016-05-18T08:55:00+00:00,20.86,2
78,52,70,2015-12-23T23:52:00+00:00,2015-12-24T00:17:00+00:00,26.0,1
79,30,222,2017-02-01T17:26:00+00:00,2017-02-01T18:14:00+00:00,24.77,5
80,88,175,2016-07-05T05:03:00+00:00,2016-07-05T05:15:00+00:00,21.86,1
81,60,241,2016-05-22T07:35:00+00:00,2016-05-22T08:10:00+00:00,15.0,2
82,23,221,2015-12-14T14:22:00+00:00,2015-12-14T15:08:00+00:00,16.33,3
83,10,103,2015-12-25T19:30:00+00:00,2015-12-25T19:37:00+00:00,28.1,2
84,61,217,2015-04-19T22:51:00+00:00,2015-04-19T23:09:00+00:00,16.43,4
85,90,86,2017-02-05T16:37:00+00:00,2017-02-05T17:31:00+00:00,12.59,3
86,99,211,2015-06-26T22:45:00+00:00,2015-06-26T23:23:00+00:00,19.46,5
87,20,138,2016-06-10T00:16:00+00:00,2016-06-10T00:23:00+00:00,24.15,2
88,10,39,2015-11-19T18:49:00+00:00,2015-11-19T19:36:00+00:00,11.61,3
89,92,183,2015-11-19T00:02:00+00:00,2015-11-19T00:12:00+00:00,28.26,5
90,48,288,2015-03-17T20:48:00+00:00,2015-03-17T21:02:00+00:00,21.57,4
91,42,81,2015-04-20T17:06:00+00:00,2015-04-20T17:31:00+00:00,23.79,4
92,10,80,2015-05-13T08:17:00+00:00,2015-05-13T09:02:00+00:00,27.17,1
93,57,19,2015-06-25T01:32:00+00:00,2015-06-25T01:53:00+00:00,16.87,5
94,47,139,2015-06-19T16:19:00+00:00,2015-06-19T17:04:00+00:00,24.46,5
95,97,118,2016-03-06T05:53:00+00:00,2016-03-06T05:58:00+00:00,13.11,1
96,73,97,2016-12-14T15:07:00+00:00,2016-12-14T15:56:00+00:00,16.04,1
97,54,271,2016-06-14T05:53:00+00:00,2016-06-14T06:45:00+00:00,29.92,5
98,65,172,2016-09-18T04:57:00+00:00,2016-09-18T05:03:00+00:00,15.12,1
99,29,107,2015-07-03T20:57:00+00:00,2015-07-03T21:44:00+00:00,26.9,4
100,29,138,2016-09-04T10:41:00+00:00,2016-09-04T11:00:00+00:00,23.37,2
101,70,225,2016-06-24T22:49:00+00:00,2016-06-24T23:35:00+00:00,10.12,1
102,58,70,2015-07-11T20:44:00+00:00,2015-07-11T21:06:00+00:00,12.78,1
103,72,26,2015-08-03T07:54:00+00:00,2015-08-03T07:55:00+00:00,15.18,4
104,85,272,2015-04-27T20:49:00+00:00,2015-04-27T21:15:00+00:00,26.18,4
105,44,246,2016-09-19T00:23:00+00:00,2016-09-19T00:31:00+00:00,20.62,5
106,65,45,2017-01-05T11:30:00+00:00,2017-01-05T12:19:00+00:00,11.98,3
107,54,254,2015-11-18T18:32:00+00:00,2015-11-18T18:35:00+00:00,11.02,2
108,43,90,2016-11-13T11:59:00+00:00,2016-11-13T12:58:00+00:00,25.55,4
109,5,165,2016-07-01T21:13:00+00:00,2016-07-01T22:03:00+00:00,16.85,5
110,83,140,2016-12-30T15:00:00+00:00,2016-12-30T15:50:00+00:00,22.92,1
111,90,273,2015-12-14T17:13:00+00:00,2015-12-14T17:59:00+00:00,29.4,3
112,78,145,2016-01-15T14:27:00+00:00,2016-01-15T14:39:00+00:00,24.83,1
113,45,188,2016-12-30T18:22:00+00:00,2016-12-30T18:55:00+00:00,15.52,3
114,2,87,2015-08-29T01:27:00+00:00,2015-08-29T01:47:00+00:00,20.54,3
115,16,35,2015-11-22T14:19:00+00:00,2015-11-22T14:32:00+00:00,23.49,5
116,84,129,2015-05-16T05:59:00+00:00,2015-05-16T06:57:00+00:00,18.91,2
117,82,111,2016-12-27T02:49:00+00:00,2016-12-27T02:53:00+00:00,12.54,2
118,2,234,2016-01-07T14:41:00+00:00,2016-01-07T14:56:00+00:00,28.95,5
119,55,278,2016-12-04T02:53:00+00:00,2016-12-04T03:10:00+00:00,14.02,3
120,40,153,2015-07-14T16:51:00+00:00,2015-07-14T17:23:00+00:00,28.87,2
121,29,106,2016-11-27T02:28:00+00:00,2016-11-27T02:49:00+00:00,26.36,1
122,1,247,2015-12-24T04:57:00+00:00,2015-12-24T04:57:00+00:00,13.11,5
123,10,280,2015-11-27T14:28:00+00:00,2015-11-27T15:09:00+00:00,17.12,4
124,1,26,2016-10-16T00:40:00+00:00,2016-10-16T01:05:00+00:00,20.75,4
125,48,35,2015-09-14T14:33:00+00:00,2015-09-14T14:55:00+00:00,29.71,1
126,46,56,2016-10-31T14:19:00+00:00,2016-10-31T14:37:00+00:00,20.1,3
127,30,15,2016-10-11T15:05:00+00:00,2016-10-11T15:07:00+00:00,26.87,3
128,55,249,2015-05-21T06:06:00+00:00,2015-05-21T06:56:00+00:00,29.71,2
129,54,122,2015-12-02T01:31:00+00:00,2015-12-02T02:13:00+00:00,16.39,3
130,46,273,2016-01-02T23:19:00+00:00,2016-01-02T23:44:00+00:00,21.56,1
131,51,172,2015-07-25T02:59:00+00:00,2015-07-25T03:02:00+00:00,28.16,4
132,5,113,2017-02-10T21:46:00+00:00,2017-02-10T21:52:00+00:00,13.57,5
133,12,240,2015-04-05T14:47:00+00:00,2015-04-05T15:20:00+00:00,12.41,1
134,73,32,2017-02-26T07:31:00+00:00,2017-02-26T08:02:00+00:00,28.54,2
135,77,146,2016-05-05T09:01:00+00:00,2016-05-05T09:35:00+00:00,13.3,5
136,38,147,2015-10-02T14:12:00+00:00,2015-10-02T14:28:00+00:00,15.79,3
137,45,162,2015-04-05T20:01:00+00:00,2015-04-05T20:01:00+00:00,21.95,1
138,5,192,2016-08-16T21:32:00+00:00,2016-08-16T22:30:00+00:00,12.0,3
139,56,88,2016-03-25T04:32:00+00:00,2016-03-25T04:47:00+00:00,13.11,5
140,2,206,2015-07-21T02:01:00+00:00,2015-07-21T02:11:00+00:00,19.69,2
141,11,19,2016-08-27T07:27:00+00:00,2016-08-27T08:16:00+00:00,20.46,2
142,40,294,2016-05-26T13:06:00+00:00,2016-05-26T13:58:00+00:00,27.63,1
143,59,277,2016-10-06T06:41:00+00:00,2016-10-06T07:30:00+00:00,26.64,4
144,48,170,2017-03-01T13:36:00+00:00,2017-03-01T14:33:00+00:00,18.81,3
145,58,185,2015-08-23T15:59:00+00:00,2015-08-23T16:31:00+00:00,19.5,1
146,38,102,2017-01-20T00:14:00+00:00,2017-01-20T00:40:00+00:00,27.56,4
147,58,28,2015-04-20T22:26:00+00:00,2015-04-20T22:44:00+00:00,21.08,3
148,48,133,2015-07-07T15:19:00+00:00,2015-07-07T16:18:00+00:00,22.22,4
149,32,183,2015-04-12T19:31:00+00:00,2015-04-12T19:41:00+00:00,20.78,1
150,56,40,2016-01-17T17:22:00+00:00,2016-01-17T17:40:00+00:00,13.43,1
151,80,273,2015-07-13T18:25:00+00:00,2015-07-13T18:32:00+00:00,22.3,1
152,45,135,2016-03-25T04:09:00+00:00,2016-03-25T04:33:00+00:00,12.35,3
153,45,110,2016-05-10T11:49:00+00:00,2016-05-10T12:11:00+00:00,10.64,1
154,11,227,2016-11-01T02:55:00+00:00,2016-11-01T03:30:00+00:00,28.24,3
155,65,194,2016-07-17T03:29:00+00:00,2016-07-17T03:48:00+00:00,14.46,2
156,94,41,2017-01-01T15:27:00+00:00,2017-01-01T16:10:00+00:00,25.24,4
157,53,291,2016-04-18T03:10:00+00:00,2016-04-18T03:41:00+00:00,25.57,3
158,80,207,2016-03-09T03:31:00+00:00,2016-03-09T04:10:00+00:00,28.31,4
159,8,285,2016-12-31T06:26:00+00:00,2016-12-31T07:18:00+00:00,28.94,5
160,26,101,2016-01-30T07:04:00+00:00,2016-01-30T07:56:00+00:00,14.88,4
161,50,245,2016-07-15T16:49:00+00:00,2016-07-15T17:13:00+00:00,28.0,2
162,6,93,2015-03-09T08:39:00+00:00,2015-03-09T09:35:00+00:00,26.75,4
163,17,225,2017-03-01T21:30:00+00:00,2017-03-01T21:59:00+00:00,12.46,3
164,38,26,2015-12-04T18:09:00+00:00,2015-12-04T18:13:00+00:00,27.47,4
165,67,236,2015-10-25T21:52:00+00:00,2015-10-25T22:21:00+00:00,22.26,5
166,31,278,2015-08-27T08:46:00+00:00,2015-08-27T09:43:00+00:00,26.25,1
167,67,37,2017-01-17T08:56:00+00:00,2017-01-17T09:06:00+00:00,24.15,5
168,21,179,2016-12-04T09:28:00+00:00,2016-12-04T09:38:00+00:00,25.71,4
169,6,204,2015-05-19T15:27:00+00:00,2015-05-19T16:20:00+00:00,19.81,4
170,92,6,2016-10-12T10:33:00+00:00,2016-10-12T11:07:00+00:00,20.23,3
171,13,181,2017-01-06T18:24:00+00:00,2017-01-06T18:53:00+00:00,17.53,1
172,77,214,2017-01-07T11:56:00+00:00,2017-01-07T12:03:00+00:00,18.72,2
173,93,57,2016-08-28T22:38:00+00:00,2016-08-28T22:38:00+00:00,18.24,1
174,88,121,2016-10-30T17:14:00+00:00,2016-10-30T17:47:00+00:00,27.22,3
175,44,249,2016-06-05T18:55:00+00:00,2016-06-05T19:11:00+00:00,20.97,4
176,11,139,2017-02-05T17:08:00+00:00,2017-02-05T17:34:00+00:00,14.56,5
177,65,119,2016-04-26T05:28:00+00:00,2016-04-26T06:20:00+00:00,22.71,2
178,82,291,2017-01-12T19:25:00+00:00,2017-01-12T20:09:00+00:00,22.76,3
179,8,93,2016-06-15T22:47:00+00:00,2016-06-15T23:06:00+00:00,26.3,1
180,81,164,2017-01-28T07:14:00+00:00,2017-01-28T08:07:00+00:00,24.02,3
181,22,284,2015-05-06T12:00:00+00:00,2015-05-06T12:46:00+00:00,19.74,5
182,64,111,2016-07-14T08:58:00+00:00,2016-07-14T09:23:00+00:00,21.14,4
183,70,132,2016-03-03T23:57:00+00:00,2016-03-04T00:25:00+00:00,15.7,2
184,75,93,2016-04-01T16:25:00+00:00,2016-04-01T16:26:00+00:00,27.37,2
185,98,83,2015-03-09T16:12:00+00:00,2015-03-09T16:12:00+00:00,25.25,4
186,52,77,2016-07-12T18:43:00+00:00,2016-07-12T19:09:00+00:00,27.41,3
187,60,164,2016-07-01T10:38:00+00:00,2016-07-01T10:57:00+00:00,19.98,3
188,71,124,2016-01-17T04:23:00+00:00,2016-01-17T04:44:00+00:00,25.78,2
189,73,268,2016-11-26T14:40:00+00:00,2016-11-26T15:02:00+00:00,12.0,1
190,14,265,2015-04-22T23:13:00+00:00,2015-04-22T23:45:00+00:00,15.8,5
191,9,197,2016-09-21T12:36:00+00:00,2016-09-21T13:04:00+00:00,12.53,1
192,69,74,2015-03-17T17:26:00+00:00,2015-03-17T18:21:00+00:00,22.05,3
193,83,165,2016-10-24T00:32:00+00:00,2016-10-24T01:11:00+00:00,12.57,4
194,4,207,2017-02-15T23:12:00+00:00,2017-02-16T00:03:00+00:00,24.34,5
195,54,30,2015-11-25T15:15:00+00:00,2015-11-25T16:14:00+00:00,12.74,5
196,80,288,2015-06-22T21:48:00+00:00,2015-06-22T22:45:00+00:00,28.05,2
197,95,162,2015-11-22T16:08:00+00:00,2015-11-22T16:38:00+00:00,22.84,5
198,36,17,2015-07-23T08:42:00+00:00,2015-07-23T09:06:00+00:00,23.18,1
199,92,18,2017-01-30T17:50:00+00:00,2017-01-30T18:34:00+00:00,27.11,1
200,93,186,2016-06-04T00:37:00+00:00,2016-06-04T01:24:00+00:00,16.84,3
201,20,161,2016-02-20T19:37:00+00:00,2016-02-20T20:36:00+00:00,26.32,1
202,40,250,2016-04-05T18:52:00+00:00,2016-04-05T19:23:00+00:00,22.79,3
203,97,85,2016-12-31T10:35:00+00:00,2016-12-31T11:19:00+00:00,10.16,2
204,98,12,2015-06-09T18:58:00+00:00,2015-06-09T19:29:00+00:00,26.67,2
205,87,131,2015-07-09T09:29:00+00:00,2015-07-09T10:12:00+00:00,13.53,2
206,47,225,2015-03-08T10:06:00+00:00,2015-03-08T10:13:00+00:00,12.55,2
207,70,59,2016-09-24T04:23:00+00:00,2016-09-24T05:18:00+00:00,21.67,1
208,46,92,2016-06-13T03:01:00+00:00,2016-06-13T03:16:00+00:00,20.97,2
209,94,141,2016-10-30T05:17:00+00:00,2016-10-30T05:57:00+00:00,26.83,1
210,81,164,2015-07-14T12:27:00+00:00,2015-07-14T12:37:00+00:00,14.21,5
211,34,208,2016-06-22T11:06:00+00:00,2016-06-22T12:03:00+00:00,24.58,3
212,28,89,2015-06-03T07:07:00+00:00,2015-06-03T07:30:00+00:00,23.56,1
213,32,197,2015-12-27T16:56:00+00:00,2015-12-27T16:56:00+00:00,16.29,5
214,78,230,2016-12-31T22:04:00+00:00,2016-12-31T22:16:00+00:00,28.71,1
215,41,233,2016-10-09T06:27:00+00:00,2016-10-09T06:36:00+00:00,23.86,3
216,1,201,2015-03-24T09:34:00+00:00,2015-03-24T09:58:00+00:00,11.26,1
217,78,274,2016-09-11T22:23:00+00:00,2016-09-11T22:36:00+00:00,16.63,4
218,11,147,2016-04-03T18:50:00+00:00,2016-04-03T19:32:00+00:00,13.47,2
219,3,171,2016-03-12T01:07:00+00:00,2016-03-12T02:01:00+00:00,25.67,4
220,56,254,2016-02-13T09:03:00+00:00,2016-02-13T09:52:00+00:00,29.82,3
221,25,207,2016-09-07T02:00:00+00:00,2016-09-07T02:38:00+00:00,16.35,1
222,83,284,2016-12-01T08:50:00+00:00,2016-12-01T09:44:00+00:00,16.45,5
223,61,289,2016-05-15T20:28:00+00:00,2016-05-15T21:10:00+00:00,21.8,1
224,57,141,2016-11-16T21:07:00+00:00,2016-11-16T21:34:00+00:00,12.14,3
225,28,67,2015-03-24T01:19:00+00:00,2015-03-24T01:41:00+00:00,13.97,4
226,8,183,2016-09-26T05:18:00+00:00,2016-09-26T06:11:00+00:00,14.58,3
227,11,198,2016-06-21T06:05:00+00:00,2016-06-21T06:06:00+00:00,12.7,2
228,18,19,2015-10-10T02:40:00+00:00,2015-10-10T02:56:00+00:00,29.27,5
229,25,67,2015-11-02T16:27:00+00:00,2015-11-02T16:39:00+00:00,27.73,5
230,99,233,2016-10-12T20:02:00+00:00,2016-10-12T20:46:00+00:00,24.1,4
231,66,76,2015-05-11T07:09:00+00:00,2015-05-11T07:32:00+00:00,26.8,2
232,92,281,2017-02-07T17:53:00+00:00,2017-02-07T18:15:00+00:00,18.71,3
233,80,191,2016-03-27T18:54:00+00:00,2016-03-27T19:22:00+00:00,13.88,5
234,85,234,2016-12-08T21:39:00+00:00,2016-12-08T22:05:00+00:00,17.46,2
235,81,229,2015-12-10T14:18:00+00:00,2015-12-10T14:32:00+00:00,10.64,2
236,2,263,2015-12-08T17:49:00+00:00,2015-12-08T18:28:00+00:00,15.39,2
237,17,170,2016-08-09T12:20:00+00:00,2016-08-09T12:55:00+00:00,17.21,2
238,83,209,2016-12-19T12:42:00+00:00,2016-12-19T13:08:00+00:00,22.89,5
239,52,177,2015-03-19T23:30:00+00:00,2015-03-19T23:51:00+00:00,26.09,3
240,44,272,2017-01-15T11:33:00+00:00,2017-01-15T12:27:00+00:00,25.66,4
241,89,274,2015-12-08T08:14:00+00:00,2015-12-08T09:07:00+00:00,14.92,5
242,34,14,2016-01-26T14:24:00+00:00,2016-01-26T14:36:00+00:00,12.09,4
243,44,90,2016-09-14T14:26:00+00:00,2016-09-14T14:49:00+00:00,23.15,2
244,82,193,2016-10-12T18:44:00+00:00,2016-10-12T19:23:00+00:00,13.59,3
245,62,34,2016-04-24T19:58:00+00:00,2016-04-24T20:16:00+00:00,22.88,2
246,59,26,2015-07-02T22:13:00+00:00,2015-07-02T22:50:00+00:00,10.44,2
247,3,290,2016-03-09T08:12:00+00:00,2016-03-09T08:55:00+00:00,24.03,4
248,66,214,2015-06-16T13:30:00+00:00,2015-06-16T13:54:00+00:00,28.67,5
249,17,7,2015-09-27T23:12:00+00:00,2015-09-27T23:12:00+00:00,22.79,3
250,69,203,2016-04-14T02:30:00+00:00,2016-04-14T03:04:00+00:00,13.25,1
251,54,265,2016-11-08T21:34:00+00:00,2016-11-08T22:27:00+00:00,14.68,5
252,25,152,2016-01-26T14:18:00+00:00,2016-01-26T15:08:00+00:00,22.51,4
253,17,200,2016-12-28T15:06:00+00:00,2016-12-28T15:43:00+00:00,29.05,3
254,4,37,2015-08-17T04:48:00+00:00,2015-08-17T04:52:00+00:00,11.09,3
255,45,62,2015-10-15T20:45:00+00:00,2015-10-15T21:33:00+00:00,11.53,4
256,11,22,2015-10-29T12:36:00+00:00,2015-10-29T13:23:00+00:00,21.55,4
257,26,141,2016-01-30T06:08:00+00:00,2016-01-30T06:35:00+00:00,23.47,2
258,51,213,2016-06-26T21:39:00+00:00,2016-06-26T22:34:00+00:00,25.84,4
259,38,163,2016-12-05T14:32:00+00:00,2016-12-05T14:58:00+00:00,27.8,4
260,42,258,2015-12-14T19:19:00+00:00,2015-12-14T19:33:00+00:00,13.43,1
261,45,136,2016-03-24T15:55:00+00:00,2016-03-24T16:52:00+00:00,29.97,4
262,19,164,2015-08-15T12:41:00+00:00,2015-08-15T13:35:00+00:00,10.37,1
263,30,108,2017-02-13T00:16:00+00:00,2017-02-13T01:13:00+00:00,26.6,3
264,32,128,2016-09-02T21:55:00+00:00,2016-09-02T21:58:00+00:00,17.1,5
265,12,85,2015-08-27T11:50:00+00:00,2015-08-27T12:15:00+00:00,20.48,5
266,66,176,2015-03-08T16:52:00+00:00,2015-03-08T16:57:00+00:00,13.62,1
267,14,100,2015-04-23T17:51:00+00:00,2015-04-23T17:53:00+00:00,27.93,4
268,42,154,2015-05-22T14:29:00+00:00,2015-05-22T15:19:00+00:00,23.17,2
269,17,238,2016-01-24T12:49:00+00:00,2016-01-24T13:17:00+00:00,25.33,3
270,70,210,2016-02-15T08:55:00+00:00,2016-02-15T09:23:00+00:00,17.06,5
271,88,295,2015-03-12T01:45:00+00:00,2015-03-12T02:39:00+00:00,23.29,3
272,17,1,2015-09-14T08:25:00+00:00,2015-09-14T09:23:00+00:00,24.25,4
273,7,88,2015-07-26T18:23:00+00:00,2015-07-26T18:33:00+00:00,25.55,3
274,25,6,2016-06-24T02:21:00+00:00,2016-06-24T03:12:00+00:00,10.53,3
275,68,120,2016-04-02T20:02:00+00:00,2016-04-02T20:39:00+00:00,28.87,5
276,7,204,2015-10-20T18:25:00+00:00,2015-10-20T18:26:00+00:00,12.23,2
277,18,87,2015-09-21T01:51:00+00:00,2015-09-21T02:34:00+00:00,25.03,3
278,83,220,2015-10-02T11:12:00+00:00,2015-10-02T12:06:00+00:00,14.98,1
279,47,278,2015-04-02T23:19:00+00:00,2015-04-02T23:21:00+00:00,22.26,3
280,97,198,2016-10-03T21:44:00+00:00,2016-10-03T22:15:00+00:00,18.92,4
281,20,288,2015-03-11T23:03:00+00:00,2015-03-11T23:50:00+00:00,28.96,3
282,52,288,2016-10-10T12:03:00+00:00,2016-10-10T12:16:00+00:00,12.96,4
283,21,69,2015-08-20T08:04:00+00:00,2015-08-20T08:38:00+00:00,19.82,3
284,42,246,2015-04-23T15:46:00+00:00,2015-04-23T15:51:00+00:00,15.77,2
285,65,88,2015-10-19T17:31:00+00:00,2015-10-19T18:20:00+00:00,20.68,5
286,60,226,2016-11-11T01:36:00+00:00,2016-11-11T02:31:00+00:00,22.36,5
287,74,78,2016-01-29T03:03:00+00:00,2016-01-29T03:45:00+00:00,26.46,2
288,70,140,2015-09-26T22:45:00+00:00,2015-09-26T23:04:00+00:00,20.09,2
289,60,86,2015-05-19T23:56:00+00:00,2015-05-20T00:08:00+00:00,29.52,2
290,19,16,2016-06-13T00:59:00+00:00,2016-06-13T01:52:00+00:00,28.37,5
291,95,235,2015-06-07T11:17:00+00:00,2015-06-07T11:55:00+00:00,18.65,4
292,15,77,2016-08-25T00:11:00+00:00,2016-08-25T01:00:00+00:00,11.08,5
293,15,83,2016-08-01T17:51:00+00:00,2016-08-01T18:40:00+00:00,12.69,2
294,54,232,2015-10-06T22:29:00+00:00,2015-10-06T22:40:00+00:00,21.31,2
295,6,87,2015-08-14T09:15:00+00:00,2015-08-14T09:54:00+00:00,25.04,1
296,29,158,2016-06-30T05:34:00+00:00,2016-06-30T06:01:00+00:00,26.54,3
297,19,7,2016-02-27T13:21:00+00:00,2016-02-27T14:10:00+00:00,17.93,5
298,59,70,2016-10-28T19:20:00+00:00,2016-10-28T19:52:00+00:00,26.02,2
299,55,85,2015-11-01T06:10:00+00:00,2015-11-01T06:12:00+00:00,25.8,2
300,90,251,2016-01-31T17:58:00+00:00,2016-01-31T17:58:00+00:00,17.42,2
301,69,295,2015-07-11T09:20:00+00:00,2015-07-11T10:15:00+00:00,26.06,2
302,16,103,2015-12-11T15:26:00+00:00,2015-12-11T15:39:00+00:00,16.77,1
303,98,203,2016-06-28T19:21:00+00:00,2016-06-28T20:06:00+00:00,23.84,2
304,91,211,2015-07-10T01:13:00+00:00,2015-07-10T01:18:00+00:00,22.21,1
305,69,232,2015-05-19T07:56:00+00:00,2015-05-19T08:10:00+00:00,21.44,5
306,49,89,2017-02-03T06:44:00+00:00,2017-02-03T06:53:00+00:00,29.27,1
307,93,240,2015-11-26T13:56:00+00:00,2015-11-26T14:07:00+00:00,17.62,4
308,5,265,2015-09-22T16:48:00+00:00,2015-09-22T17:00:00+00:00,19.02,3
309,45,210,2015-03-17T19:42:00+00:00,2015-03-17T20:27:00+00:00,21.12,2
310,80,88,2017-01-22T22:26:00+00:00,2017-01-22T22:40:00+00:00,23.49,4
311,17,76,2016-03-21T18:17:00+00:00,2016-03-21T18:36:00+00:00,21.89,3
312,3,279,2015-10-07T01:03:00+00:00,2015-10-07T01:40:00+00:00,14.52,1
313,35,171,2016-09-18T05:34:00+00:00,2016-09-18T06:10:00+00:00,11.38,1
314,77,176,2016-02-06T21:32:00+00:00,2016-02-06T22:26:00+00:00,24.1,3
315,49,79,2016-02-18T07:26:00+00:00,2016-02-18T07:55:00+00:00,20.89,2
316,84,154,2015-03-13T13:35:00+00:00,2015-03-13T14:19:00+00:00,26.28,2
317,84,168,2016-09-17T17:14:00+00:00,2016-09-17T17:36:00+00:00,29.72,4
318,67,217,2015-09-14T12:01:00+00:00,2015-09-14T12:35:00+00:00,14.93,5
319,5,164,2016-02-03T11:59:00+00:00,2016-02-03T12:26:00+00:00,21.18,1
320,53,204,2015-04-07T12:10:00+00:00,2015-04-07T12:19:00+00:00,26.61,1
321,72,148,2015-09-28T08:59:00+00:00,2015-09-28T09:14:00+00:00,21.58,3
322,9,154,2016-06-07T07:44:00+00:00,2016-06-07T08:01:00+00:00,11.97,3
323,16,242,2016-02-11T00:07:00+00:00,2016-02-11T00:09:00+00:00,19.26,2
324,28,254,2015-04-10T11:20:00+00:00,2015-04-10T11:27:00+00:00,26.66,5
325,79,156,2015-07-18T17:08:00+00:00,2015-07-18T18:07:00+00:00,26.09,4
326,52,127,2015-10-13T04:19:00+00:00,2015-10-13T04:20:00+00:00,27.48,1
327,72,56,2015-10-13T05:58:00+00:00,2015-10-13T06:43:00+00:00,21.49,2
328,54,192,2016-03-10T22:43:00+00:00,2016-03-10T22:53:00+00:00,20.51,1
329,49,75,2015-12-10T03:45:00+00:00,2015-12-10T04:29:00+00:00,23.05,3
330,8,137,2015-11-10T20:21:00+00:00,2015-11-10T21:20:00+00:00,19.69,3
331,40,280,2015-08-22T14:08:00+00:00,2015-08-22T15:02:00+00:00,13.25,5
332,81,96,2017-01-22T00:36:00+00:00,2017-01-22T01:06:00+00:00,11.75,3
333,75,80,2015-05-29T03:38:00+00:00,2015-05-29T03:41:00+00:00,17.68,4
334,70,231,2016-01-03T11:25:00+00:00,2016-01-03T11:49:00+00:00,11.19,1
335,90,243,2016-06-24T22:24:00+00:00,2016-06-24T23:01:00+00:00,27.39,3
336,42,244,2016-09-11T23:44:00+00:00,2016-09-12T00:29:00+00:00,17.91,1
337,31,45,2016-11-10T16:26:00+00:00,2016-11-10T16:49:00+00:00,25.29,2
338,67,51,2016-12-30T14:10:00+00:00,2016-12-30T14:36:00+00:00,22.75,1
339,8,182,2016-08-07T20:44:00+00:00,2016-08-07T21:32:00+00:00,14.94,2
340,51,142,2016-01-03T15:50:00+00:00,2016-01-03T16:41:00+00:00,15.88,4
341,96,3,2016-02-28T01:43:00+00:00,2016-02-28T02:09:00+00:00,18.66,2
342,39,54,2016-02-29T04:02:00+00:00,2016-02-29T04:50:00+00:00,26.58,2
343,23,170,2015-08-28T05:44:00+00:00,2015-08-28T06:09:00+00:00,15.06,3
344,43,249,2016-02-26T02:56:00+00:00,2016-02-26T03:27:00+00:00,28.39,3
345,13,99,2015-03-26T03:30:00+00:00,2015-03-26T04:03:00+00:00,13.28,5
346,39,293,2016-07-19T23:51:00+00:00,2016-07-20T00:29:00+00:00,10.62,3
347,5,74,2016-06-09T07:54:00+00:00,2016-06-09T08:34:00+00:00,27.16,4
348,76,51,2015-08-13T03:01:00+00:00,2015-08-13T03:23:00+00:00,20.55,2
349,44,105,2016-07-01T19:42:00+00:00,2016-07-01T20:39:00+00:00,27.73,4
350,78,179,2016-01-31T20:44:00+00:00,2016-01-31T21:08:00+00:00,29.72,5
351,87,79,2015-06-08T10:56:00+00:00,2015-06-08T11:38:00+00:00,21.05,5
352,13,88,2016-08-06T23:46:00+00:00,2016-08-07T00:18:00+00:00,10.85,4
353,22,24,2016-11-26T10:56:00+00:00,2016-11-26T11:48:00+00:00,16.57,3
354,95,120,2015-03-28T03:21:00+00:00,2015-03-28T03:49:00+00:00,10.2,3
355,54,45,2015-04-02T12:49:00+00:00,2015-04-02T13:21:00+00:00,28.52,2
356,46,292,2016-11-24T23:21:00+00:00,2016-11-25T00:13:00+00:00,10.07,1
357,69,239,2016-05-01T19:20:00+00:00,2016-05-01T19:30:00+00:00,22.79,2
358,32,58,2015-04-20T02:05:00+00:00,2015-04-20T02:32:00+00:00,25.57,1
359,41,230,2015-07-18T23:50:00+00:00,2015-07-19T00:49:00+00:00,17.56,2
360,20,133,2016-05-06T03:42:00+00:00,2016-05-06T04:08:00+00:00,13.73,2
361,72,136,2016-05-13T14:11:00+00:00,2016-05-13T14:31:00+00:00,18.96,3
362,33,237,2016-01-30T12:15:00+00:00,2016-01-30T12:43:00+00:00,22.87,4
363,72,246,2016-11-05T16:54:00+00:00,2016-11-05T17:33:00+00:00,14.49,1
364,4,257,2016-01-15T20:00:00+00:00,2016-01-15T20:59:00+00:00,12.49,5
365,45,151,2015-04-05T18:36:00+00:00,2015-04-05T18:56:00+00:00,11.51,2
366,76,260,2017-01-19T02:21:00+00:00,2017-01-19T02:44:00+00:00,20.68,1
367,71,45,2017-02-07T17:08:00+00:00,2017-02-07T17:56:00+00:00,21.07,2
368,20,179,2015-03-16T11:13:00+00:00,2015-03-16T12:07:00+00:00,25.81,3
369,65,224,2016-10-05T20:54:00+00:00,2016-10-05T21:10:00+00:00,10.18,4
370,97,159,2015-12-06T08:47:00+00:00,2015-12-06T09:43:00+00:00,12.38,5
371,41,218,2015-08-07T00:10:00+00:00,2015-08-07T01:06:00+00:00,21.87,1
372,90,63,2015-05-22T01:09:00+00:00,2015-05-22T02:02:00+00:00,29.39,2
373,15,281,2016-05-09T20:50:00+00:00,2016-05-09T21:32:00+00:00,20.14,4
374,78,240,2015-09-06T18:35:00+00:00,2015-09-06T19:00:00+00:00,17.8,2
375,81,211,2016-01-20T06:27:00+00:00,2016-01-20T06:43:00+00:00,21.91,2
376,66,97,2016-05-08T02:13:00+00:00,2016-05-08T03:07:00+00:00,27.79,5
377,36,252,2015-06-01T15:57:00+00:00,2015-06-01T16:32:00+00:00,22.29,2
378,21,59,2015-05-18T02:51:00+00:00,2015-05-18T03:00:00+00:00,29.92,1
379,63,172,2016-04-04T22:52:00+00:00,2016-04-04T23:04:00+00:00,26.57,2
380,83,262,2017-01-25T03:09:00+00:00,2017-01-25T03:14:00+00:00,17.03,4
381,77,12,2015-06-13T06:47:00+00:00,2015-06-13T07:35:00+00:00,16.31,5
382,58,113,2015-10-06T22:13:00+00:00,2015-10-06T22:58:00+00:00,13.98,4
383,10,2,2015-07-14T23:15:00+00:00,2015-07-14T23:31:00+00:00,28.72,2
384,91,212,2015-08-10T18:05:00+00:00,2015-08-10T18:27:00+00:00,23.9,4
385,12,208,2016-09-20T19:17:00+00:00,2016-09-20T20:06:00+00:00,10.48,1
386,58,236,2015-07-03T03:02:00+00:00,2015-07-03T03:50:00+00:00,20.15,1
387,95,245,2016-06-06T14:14:00+00:00,2016-06-06T15:11:00+00:00,14.32,5
388,37,265,2015-11-30T04:49:00+00:00,2015-11-30T05:43:00+00:00,29.15,3
389,34,195,2015-10-08T19:31:00+00:00,2015-10-08T19:31:00+00:00,25.39,1
390,39,170,2016-06-18T10:26:00+00:00,2016-06-18T11:22:00+00:00,24.61,4
391,59,238,2016-05-09T19:07:00+00:00,2016-05-09T19:19:00+00:00,23.15,3
392,19,62,2016-12-24T05:35:00+00:00,2016-12-24T06:15:00+00:00,22.58,5
393,98,290,2015-08-22T18:28:00+00:00,2015-08-22T18:57:00+00:00,25.58,5
394,85,180,2015-05-01T08:24:00+00:00,2015-05-01T08:34:00+00:00,21.59,2
395,30,214,2016-04-27T00:49:00+00:00,2016-04-27T01:07:00+00:00,17.51,4
396,80,137,2017-02-01T00:18:00+00:00,2017-02-01T00:50:00+00:00,10.85,5
397,92,276,2015-12-31T19:24:00+00:00,2015-12-31T19:53:00+00:00,22.97,3
398,54,220,2016-08-07T10:52:00+00:00,2016-08-07T10:53:00+00:00,19.05,4
399,64,144,2017-01-30T04:16:00+00:00,2017-01-30T05:11:00+00:00,22.92,2
400,9,132,2016-10-19T15:19:00+00:00,2016-10-19T15:49:00+00:00,26.66,5
401,41,231,2016-06-15T18:33:00+00:00,2016-06-15T19:15:00+00:00,28.7,2
402,64,33,2017-02-19T22:59:00+00:00,2017-02-19T23:13:00+00:00,15.99,3
403,24,181,2016-11-06T08:00:00+00:00,2016-11-06T08:48:00+00:00,29.48,3
404,71,44,2016-12-11T06:24:00+00:00,2016-12-11T06:37:00+00:00,14.24,4
405,34,125,2015-08-14T06:33:00+00:00,2015-08-14T07:09:00+00:00,28.46,5
406,77,248,2015-08-07T20:16:00+00:00,2015-08-07T21:09:00+00:00,17.28,5
407,95,240,2015-07-21T06:09:00+00:00,2015-07-21T06:52:00+00:00,26.07,5
408,98,124,2015-05-08T04:27:00+00:00,2015-05-08T05:00:00+00:00,16.33,5
409,64,202,2016-03-01T22:58:00+00:00,2016-03-01T23:54:00+00:00,25.15,1
410,72,189,2016-09-11T17:35:00+00:00,2016-09-11T17:48:00+00:00,29.28,1
411,82,61,2016-03-18T07:30:00+00:00,2016-03-18T07:30:00+00:00,18.16,1
412,21,243,2015-05-28T05:54:00+00:00,2015-05-28T06:14:00+00:00,20.85,4
413,71,167,2016-04-14T18:46:00+00:00,2016-04-14T19:08:00+00:00,17.91,1
414,84,196,2016-04-16T21:11:00+00:00,2016-04-16T21:14:00+00:00,27.99,2
415,10,169,2016-08-03T21:08:00+00:00,2016-08-03T22:07:00+00:00,10.28,5
416,78,20,2016-01-23T02:16:00+00:00,2016-01-23T02:53:00+00:00,29.13,4
417,1,129,2015-03-29T21:10:00+00:00,2015-03-29T21:58:00+00:00,15.7,1
418,28,235,2016-08-13T21:26:00+00:00,2016-08-13T22:00:00+00:00,19.95,4
419,34,81,2016-04-13T09:27:00+00:00,2016-04-13T09:36:00+00:00,25.95,3
420,99,92,2016-10-08T12:49:00+00:00,2016-10-08T13:31:00+00:00,19.15,1
421,46,92,2016-04-10T20:44:00+00:00,2016-04-10T21:29:00+00:00,17.3,1
422,38,85,2016-06-24T10:43:00+00:00,2016-06-24T11:22:00+00:00,18.1,2
423,99,245,2016-06-29T07:43:00+00:00,2016-06-29T07:49:00+00:00,15.11,5
424,66,139,2016-09-18T17:09:00+00:00,2016-09-18T17:10:00+00:00,10.24,2
425,18,257,2016-01-09T09:48:00+00:00,2016-01-09T10:13:00+00:00,17.4,4
426,60,205,2016-08-28T09:09:00+00:00,2016-08-28T09:44:00+00:00,19.0,2
427,74,12,2015-04-18T18:54:00+00:00,2015-04-18T19:53:00+00:00,16.2,5
428,16,105,2016-11-22T05:02:00+00:00,2016-11-22T05:02:00+00:00,11.72,4
429,43,163,2015-08-11T20:06:00+00:00,2015-08-11T20:53:00+00:00,15.3,4
430,3,15,2016-02-10T21:07:00+00:00,2016-02-10T21:21:00+00:00,23.88,5
431,12,197,2016-08-11T07:55:00+00:00,2016-08-11T08:03:00+00:00,15.44,5
432,22,57,2016-09-15T15:57:00+00:00,2016-09-15T16:54:00+00:00,18.51,3
433,64,225,2016-12-22T10:57:00+00:00,2016-12-22T11:51:00+00:00,10.62,1
434,1,112,2015-06-07T03:43:00+00:00,2015-06-07T04:33:00+00:00,14.61,2
435,49,267,2015-09-12T20:19:00+00:00,2015-09-12T21:15:00+00:00,20.22,4
436,58,182,2017-01-06T17:53:00+00:00,2017-01-06T17:56:00+00:00,22.71,2
437,13,132,2016-07-20T00:22:00+00:00,2016-07-20T01:01:00+00:00,21.73,5
438,4,85,2015-09-17T10:52:00+00:00,2015-09-17T11:16:00+00:00,19.22,4
439,1,146,2015-09-23T03:44:00+00:00,2015-09-23T03:45:00+00:00,25.25,1
440,19,143,2016-10-18T21:04:00+00:00,2016-10-18T21:23:00+00:00,19.43,2
441,4,236,2016-12-23T21:36:00+00:00,2016-12-23T22:25:00+00:00,19.56,4
442,21,289,2016-08-25T20:40:00+00:00,2016-08-25T21:02:00+00:00,25.87,1
443,42,39,2016-03-27T23:23:00+00:00,2016-03-28T00:08:00+00:00,20.61,4
444,71,183,2016-11-18T07:32:00+00:00,2016-11-18T08:20:00+00:00,17.64,1
445,91,132,2016-03-25T16:29:00+00:00,2016-03-25T17:11:00+00:00,20.19,3
446,26,209,2016-01-10T08:38:00+00:00,2016-01-10T08:55:00+00:00,13.09,5
447,47,148,2015-08-30T19:43:00+00:00,2015-08-30T19:57:00+00:00,26.21,5
448,90,63,2016-09-22T02:59:00+00:00,2016-09-22T03:04:00+00:00,25.85,5
449,90,228,2016-08-01T09:49:00+00:00,2016-08-01T10:43:00+00:00,22.1,5
450,40,76,2015-10-10T07:20:00+00:00,2015-10-10T08:16:00+00:00,11.98,2
451,2,233,2015-08-17T06:52:00+00:00,2015-08-17T07:15:00+00:00,12.73,5
452,53,139,2015-11-28T23:09:00+00:00,2015-11-28T23:39:00+00:00,16.75,4
453,89,234,2016-04-24T14:43:00+00:00,2016-04-24T15:21:00+00:00,29.47,4
454,82,137,2016-09-22T11:37:00+00:00,2016-09-22T12:18:00+00:00,12.04,4
455,57,219,2015-08-13T00:00:00+00:00,2015-08-13T00:40:00+00:00,24.98,5
456,78,13,2016-03-14T02:56:00+00:00,2016-03-14T03:11:00+00:00,22.07,4
457,83,161,2015-04-23T05:36:00+00:00,2015-04-23T05:45:00+00:00,13.94,5
458,48,285,2016-03-22T17:02:00+00:00,2016-03-22T17:56:00+00:00,27.72,2
459,21,211,2016-03-29T05:52:00+00:00,2016-03-29T06:33:00+00:00,10.03,3
460,34,144,2017-02-16T20:23:00+00:00,2017-02-16T20:41:00+00:00,10.46,1
461,68,236,2016-12-21T04:22:00+00:00,2016-12-21T04:50:00+00:00,14.58,2
462,8,292,2016-07-31T06:20:00+00:00,2016-07-31T07:04:00+00:00,27.09,5
463,95,125,2017-01-16T11:19:00+00:00,2017-01-16T12:12:00+00:00,29.37,2
464,62,237,2016-02-08T06:24:00+00:00,2016-02-08T06:48:00+00:00,22.34,4
465,12,214,2015-08-01T08:33:00+00:00,2015-08-01T09:21:00+00:00,22.98,1
466,18,135,2016-12-17T15:42:00+00:00,2016-12-17T16:28:00+00:00,10.79,4
467,51,139,2016-01-09T13:54:00+00:00,2016-01-09T14:10:00+00:00,19.91,2
468,27,161,2015-04-28T03:35:00+00:00,2015-04-28T04:13:00+00:00,16.31,1
469,61,176,2016-05-01T10:19:00+00:00,2016-05-01T10:20:00+00:00,25.99,4
470,86,253,2016-04-14T14:47:00+00:00,2016-04-14T14:54:00+00:00,26.04,3
471,86,192,2017-01-19T21:06:00+00:00,2017-01-19T21:45:00+00:00,19.45,3
472,2,191,2016-09-07T03:56:00+00:00,2016-09-07T04:06:00+00:00,12.27,3
473,66,223,2016-11-24T12:41:00+00:00,2016-11-24T13:12:00+00:00,19.7,4
474,39,73,2016-08-27T05:28:00+00:00,2016-08-27T06:20:00+00:00,25.24,3
475,30,22,2015-11-24T16:13:00+00:00,2015-11-24T17:08:00+00:00,29.33,2
476,54,38,2015-09-04T09:25:00+00:00,2015-09-04T10:01:00+00:00,17.43,5
477,56,30,2015-10-16T10:59:00+00:00,2015-10-16T11:09:00+00:00,18.81,5
478,31,253,2015-06-26T13:14:00+00:00,2015-06-26T13:19:00+00:00,22.38,5
479,30,250,2016-05-25T09:51:00+00:00,2016-05-25T10:47:00+00:00,18.75,2
480,96,70,2016-06-08T03:51:00+00:00,2016-06-08T04:28:00+00:00,11.53,1
481,81,168,2015-05-20T21:13:00+00:00,2015-05-20T21:51:00+00:00,25.59,5
482,8,194,2016-07-24T13:27:00+00:00,2016-07-24T14:07:00+00:00,27.53,2
483,44,179,2015-07-28T14:36:00+00:00,2015-07-28T14:50:00+00:00,17.01,5
484,52,16,2015-09-30T22:27:00+00:00,2015-09-30T22:34:00+00:00,16.09,3
485,40,287,2016-02-01T09:06:00+00:00,2016-02-01T09:19:00+00:00,18.41,5
486,24,114,2016-04-27T22:58:00+00:00,2016-04-27T23:11:00+00:00,15.7,5
487,82,218,2016-10-09T08:24:00+00:00,2016-10-09T09:11:00+00:00,25.66,1
488,82,90,2016-09-13T21:35:00+00:00,2016-09-13T21:49:00+00:00,26.06,1
489,44,117,2016-06-13T15:04:00+00:00,2016-06-13T15:19:00+00:00,15.71,3
490,47,88,2017-02-07T15:59:00+00:00,2017-02-07T16:32:00+00:00,16.79,4
491,81,27,2016-08-10T03:33:00+00:00,2016-08-10T04:31:00+00:00,11.75,3
492,13,9,2016-07-02T03:49:00+00:00,2016-07-02T04:08:00+00:00,13.57,5
493,79,215,2016-07-09T14:17:00+00:00,2016-07-09T15:01:00+00:00,25.31,1
494,28,269,2015-06-14T09:18:00+00:00,2015-06-14T09:33:00+00:00,29.01,3
495,55,232,2017-02-27T14:42:00+00:00,2017-02-27T15:08:00+00:00,25.23,1
496,4,82,2016-08-03T00:20:00+00:00,2016-08-03T00:41:00+00:00,11.87,4
497,43,153,2016-04-27T17:46:00+00:00,2016-04-27T18:08:00+00:00,12.56,3
498,28,246,2016-12-18T20:21:00+00:00,2016-12-18T20:32:00+00:00,20.5,4
499,69,296,2016-10-04T14:03:00+00:00,2016-10-04T14:55:00+00:00,17.21,3
500,5,74,2015-12-04T13:29:00+00:00,2015-12-04T13:34:00+00:00,10.34,2
501,65,40,2016-03-23T09:14:00+00:00,2016-03-23T10:01:00+00:00,23.47,1
502,98,209,2017-01-11T02:52:00+00:00,2017-01-11T03:21:00+00:00,14.19,1
503,21,104,2015-04-28T17:14:00+00:00,2015-04-28T17:28:00+00:00,13.36,1
504,60,165,2015-05-06T00:09:00+00:00,2015-05-06T00:33:00+00:00,17.35,4
505,74,92,2017-01-18T14:25:00+00:00,2017-01-18T14:42:00+00:00,16.94,2
506,15,144,2015-11-01T14:52:00+00:00,2015-11-01T14:57:00+00:00,26.26,5
507,74,168,2015-09-22T12:28:00+00:00,2015-09-22T12:31:00+00:00,12.95,2
508,77,191,2015-03-11T04:49:00+00:00,2015-03-11T05:41:00+00:00,27.85,5
509,96,99,2015-07-29T00:04:00+00:00,2015-07-29T01:00:00+00:00,18.99,5
510,94,21,2015-11-23T01:52:00+00:00,2015-11-23T02:47:00+00:00,27.4,1
511,4,251,2016-05-10T20:42:00+00:00,2016-05-10T20:53:00+00:00,10.05,3
512,83,274,2017-01-28T12:30:00+00:00,2017-01-28T13:01:00+00:00,14.33,5
513,60,55,2016-05-09T02:44:00+00:00,2016-05-09T03:37:00+00:00,13.05,5
514,89,22,2015-08-31T07:05:00+00:00,2015-08-31T07:29:00+00:00,28.44,4
515,57,275,2017-01-02T08:55:00+00:00,2017-01-02T09:34:00+00:00,27.82,5
516,47,269,2015-09-08T19:28:00+00:00,2015-09-08T19:56:00+00:00,10.25,2
517,98,130,2016-11-23T06:44:00+00:00,2016-11-23T06:58:00+00:00,23.79,5
518,22,283,2016-03-11T07:45:00+00:00,2016-03-11T08:17:00+00:00,11.46,2
519,7,137,2017-02-09T20:32:00+00:00,2017-02-09T20:46:00+00:00,23.92,5
520,3,25,2017-02-10T13:14:00+00:00,2017-02-10T14:04:00+00:00,23.81,3
521,36,270,2016-12-09T01:03:00+00:00,2016-12-09T01:48:00+00:00,18.29,3
522,41,287,2017-01-09T07:17:00+00:00,2017-01-09T07:48:00+00:00,22.72,1
523,93,208,2015-06-22T13:30:00+00:00,2015-06-22T14:11:00+00:00,15.7,3
524,44,133,2015-08-18T08:09:00+00:00,2015-08-18T09:04:00+00:00,16.21,1
525,33,279,2015-03-13T20:04:00+00:00,2015-03-13T20:47:00+00:00,20.53,3
526,63,155,2016-03-15T00:14:00+00:00,2016-03-15T00:37:00+00:00,13.81,3
527,74,280,2016-10-20T04:31:00+00:00,2016-10-20T05:24:00+00:00,16.24,5
528,38,284,2016-07-27T03:25:00+00:00,2016-07-27T04:00:00+00:00,13.93,5
529,35,265,2015-05-14T21:51:00+00:00,2015-05-14T22:10:00+00:00,11.31,3
530,1,196,2016-04-04T02:32:00+00:00,2016-04-04T03:24:00+00:00,21.76,1
531,99,148,2016-07-11T02:19:00+00:00,2016-07-11T02:57:00+00:00,25.12,1
532,52,3,2015-12-27T16:37:00+00:00,2015-12-27T16:59:00+00:00,11.32,5
533,2,200,2015-09-20T23:18:00+00:00,2015-09-21T00:06:00+00:00,21.96,3
534,13,81,2016-09-30T13:36:00+00:00,2016-09-30T14:25:00+00:00,23.32,5
535,62,122,2015-08-11T06:22:00+00:00,2015-08-11T06:56:00+00:00,21.23,5
536,55,294,2015-11-28T08:19:00+00:00,2015-11-28T08:41:00+00:00,27.48,1
537,56,62,2016-10-01T13:00:00+00:00,2016-10-01T13:28:00+00:00,20.31,2
538,93,132,2015-08-01T17:15:00+00:00,2015-08-01T18:02:00+00:00,12.82,4
539,70,222,2015-12-08T17:46:00+00:00,2015-12-08T18:14:00+00:00,11.05,4
540,22,113,2015-08-04T16:44:00+00:00,2015-08-04T16:54:00+00:00,23.39,5
541,98,202,2015-11-04T07:57:00+00:00,2015-11-04T08:31:00+00:00,10.31,4
542,69,256,2015-06-14T14:54:00+00:00,2015-06-14T15:19:00+00:00,14.45,1
543,48,87,2015-10-03T08:28:00+00:00,2015-10-03T09:08:00+00:00,10.59,4
544,36,210,2015-03-13T03:40:00+00:00,2015-03-13T04:30:00+00:00,12.1,1
545,65,102,2015-03-30T21:44:00+00:00,2015-03-30T22:04:00+00:00,16.69,3
546,80,225,2015-11-11T13:53:00+00:00,2015-11-11T14:05:00+00:00,24.14,4
547,21,213,2016-08-24T01:34:00+00:00,2016-08-24T02:27:00+00:00,27.02,4
548,88,277,2015-09-16T02:05:00+00:00,2015-09-16T03:02:00+00:00,21.8,1
549,8,80,2015-04-25T20:45:00+00:00,2015-04-25T20:57:00+00:00,18.59,4
550,92,121,2015-07-20T10:49:00+00:00,2015-07-20T10:58:00+00:00,16.58,1
551,12,5,2016-12-09T08:16:00+00:00,2016-12-09T08:47:00+00:00,15.97,1
552,30,243,2016-10-20T17:14:00+00:00,2016-10-20T17:47:00+00:00,15.47,2
553,1,266,2016-12-16T09:24:00+00:00,2016-12-16T09:53:00+00:00,19.98,3
554,95,172,2015-03-11T14:20:00+00:00,2015-03-11T15:04:00+00:00,25.07,4
555,52,154,2015-08-10T22:06:00+00:00,2015-08-10T22:20:00+00:00,16.79,1
556,59,133,2016-12-18T16:04:00+00:00,2016-12-18T16:21:00+00:00,28.12,4
557,26,232,2015-12-29T14:13:00+00:00,2015-12-29T15:06:00+00:00,13.24,2
558,22,4,2016-01-09T16:35:00+00:00,2016-01-09T17:13:00+00:00,10.04,2
559,2,58,2016-07-19T19:10:00+00:00,2016-07-19T19:39:00+00:00,11.15,2
560,78,296,2016-01-12T22:34:00+00:00,2016-01-12T22:44:00+00:00,26.39,3
561,64,192,2016-10-06T07:26:00+00:00,2016-10-06T07:34:00+00:00,11.68,3
562,80,157,2016-12-24T23:01:00+00:00,2016-12-24T23:49:00+00:00,16.89,5
563,91,225,2016-04-12T08:43:00+00:00,2016-04-12T09:42:00+00:00,28.52,3
564,34,250,2015-09-29T14:24:00+00:00,2015-09-29T14:24:00+00:00,27.03,3
565,25,57,2015-08-01T10:42:00+00:00,2015-08-01T11:34:00+00:00,10.57,3
566,74,94,2017-01-25T03:27:00+00:00,2017-01-25T03:33:00+00:00,26.95,3
567,12,50,2016-12-22T14:16:00+00:00,2016-12-22T14:45:00+00:00,28.39,2
568,15,84,2015-05-28T00:59:00+00:00,2015-05-28T01:12:00+00:00,21.52,5
569,91,41,2016-02-10T06:39:00+00:00,2016-02-10T06:52:00+00:00,25.57,3
570,16,190,2016-04-30T09:32:00+00:00,2016-04-30T09:55:00+00:00,10.27,1
571,54,107,2015-04-12T08:47:00+00:00,2015-04-12T09:08:00+00:00,19.81,1
572,15,215,2017-01-06T02:51:00+00:00,2017-01-06T03:32:00+00:00,20.01,5
573,58,119,2016-06-03T13:24:00+00:00,2016-06-03T14:23:00+00:00,15.29,5
574,69,219,2015-07-20T19:58:00+00:00,2015-07-20T20:36:00+00:00,10.79,4
575,61,292,2016-02-12T12:07:00+00:00,2016-02-12T13:03:00+00:00,17.2,1
576,59,34,2015-05-23T14:03:00+00:00,2015-05-23T14:25:00+00:00,15.07,4
577,95,99,2015-09-10T01:41:00+00:00,2015-09-10T01:49:00+00:00,15.41,1
578,73,140,2016-01-21T17:36:00+00:00,2016-01-21T17:51:00+00:00,26.52,5
579,57,166,2016-03-29T18:26:00+00:00,2016-03-29T18:49:00+00:00,27.8,3
580,45,137,2016-11-27T07:31:00+00:00,2016-11-27T08:30:00+00:00,10.08,2
581,91,85,2015-04-23T08:21:00+00:00,2015-04-23T08:35:00+00:00,21.56,1
582,28,274,2016-06-01T18:39:00+00:00,2016-06-01T18:41:00+00:00,11.48,3
583,47,271,2016-07-21T21:01:00+00:00,2016-07-21T21:39:00+00:00,16.48,3
584,54,291,2015-11-04T00:06:00+00:00,2015-11-04T01:03:00+00:00,22.02,2
585,82,190,2016-10-19T11:27:00+00:00,2016-10-19T11:29:00+00:00,23.61,2
586,57,246,2016-09-18T10:14:00+00:00,2016-09-18T10:41:00+00:00,29.09,5
587,34,250,2016-05-04T11:47:00+00:00,2016-05-04T12:40:00+00:00,22.9,1
588,96,195,2017-02-20T04:27:00+00:00,2017-02-20T04:44:00+00:00,28.15,2
589,46,212,2016-04-19T20:23:00+00:00,2016-04-19T20:55:00+00:00,10.98,2
590,76,197,2016-04-29T20:16:00+00:00,2016-04-29T21:03:00+00:00,25.32,3
591,96,266,2015-08-24T16:57:00+00:00,2015-08-24T17:10:00+00:00,22.93,5
592,34,196,2015-12-16T03:52:00+00:00,2015-12-16T03:56:00+00:00,17.91,3
593,3,158,2015-10-08T15:01:00+00:00,2015-10-08T15:44:00+00:00,26.91,5
594,96,144,2015-05-05T08:28:00+00:00,2015-05-05T08:38:00+00:00,26.47,3
595,26,277,2016-10-04T13:41:00+00:00,2016-10-04T14:17:00+00:00,28.16,3
596,63,81,2017-02-19T17:58:00+00:00,2017-02-19T18:39:00+00:00,11.54,4
597,36,178,2015-12-17T07:12:00+00:00,2015-12-17T07:20:00+00:00,14.3,1
598,18,7,2015-09-16T16:17:00+00:00,2015-09-16T16:34:00+00:00,23.86,1
599,61,225,2016-08-08T14:14:00+00:00,2016-08-08T14:49:00+00:00,18.74,2
600,61,168,2016-04-25T02:59:00+00:00,2016-04-25T03:06:00+00:00,26.76,3
